SUGGESTION	SCIS ID	SCOT LABEL	CONTENT DESCRIPTIONS
accents	9347	Accents (Speech)	AC9LF4U01
additive inverses	16914	Additive patterns	AC9M3A01
additive patterns	16914	Additive patterns	AC9M2A01
additive situations	642	Addition	AC9M3N06|AC9M4N09
angle properties	624	Angles	AC9M6M04|AC9M7SP02
anomalies	4825	Data analysis	AC9S8I05|AC9S7I05|AC9S10I05|AC9S9I05
arrays (multiplication )	1653	Arrays	AC9M3N04|AC9M2N05
art genre	16585	Artistic purpose	AC9AVA6C01|AC9AVA4C01
artist/artists	256	Artists	AC9AVA8D02
arts knowledge	16937	Artistic practice	AC9ADRFD01|AC9AVAFD01|AC9AMUFD01|AC9ADAFD01|AC9AMAFD01
arts processes	16937	Artistic practice	AC9ADRFD01|AC9AMAFC01|AC9AMUFC01|AC9AVAFD01|AC9ADRFC01|AC9ADAFD01|AC9AMUFD01|AC9ADAFC01|AC9AMAFD01
arts works	215	Visual arts	AC9AMAFC01|AC9AMUFP01|AC9AMUFC01|AC9ADRFP01|AC9AMAFP01|AC9ADAFP01|AC9AVAFP01|AC9AVAFC01|AC9ADRFC01|AC9ADAFC01
artworks	215	Visual arts	AC9AVA10C02|AC9AVA8E02|AC9AVA4P01|AC9AVA6C01|AC9AVA8C02|AC9AVA10P01|AC9AVA8E01|AC9AVA8P01|AC9AVA6P01|AC9AVA10E02|AC9AVA2P01
association (bivariate analysis)	16870	Association (Statistics)	AC9M10ST04|AC9M10ST03|AC9M10ST05
attributes	1056	Measurement	AC9MFM01|AC9M1M01
attributes	9651	Dimensions	AC9MFM01|AC9M1M01
audience	1979	Audiences	AC9AMUFP01|AC9AMA8P01|AC9ADRFP01|AC9ADR10P01|AC9ADAFP01|AC9AMAFP01|AC9ADR8P01|AC9AMA10P01
audience	16927	Text audience	AC9E5LY01|AC9E3LY01|AC9E4LY01|AC9E2LY06|AC9E2LY07|AC9E6LY01|AC9E7LY03|AC9E9LY02|AC9E8LY01
australian history	2026	Australian history	AC9HS6K01
calculation strategies	641	Number operations	AC9M1N04|AC9M3N04|AC9M4N06|AC9M7N06
chance experiments	4228	Modelling (Mathematical)	AC9M8P03|AC9M9P03|AC9M10P02
chemical change	487	Chemical reactions	AC9S8U07|AC9S6U04
chinese character components	16929	Character components	AC9LC8U02
chinese characters	3664	Chinese characters	AC9LCF02
chinese culture	16875	Chinese peoples	AC9LC6U04|AC9LC4C04|AC9LC2U04|AC9LCF03|AC9LC10U04|AC9LC4U04|AC9LC10EU04
chinese grammar	3135	Chinese languages	AC9LC8EU02|AC9LC8U03|AC9LC10EC06|AC9LC2U03|AC9LC8EC06|AC9LC4U02|AC9LC8EU03|AC9LC4U03|AC9LC10EU02|AC9LC10C05|AC9LC8U02|AC9LC8C05|AC9LC6U02|AC9LC6U03|AC9LC2U02|AC9LC10U02
chinese grammar	3274	Grammar	AC9LC8EU02|AC9LC8U03|AC9LC10EC06|AC9LC2U03|AC9LC8EC06|AC9LC4U02|AC9LC8EU03|AC9LC4U03|AC9LC10EU02|AC9LC10C05|AC9LC8U02|AC9LC8C05|AC9LC6U02|AC9LC6U03|AC9LC2U02|AC9LC10U02
chinese scripts	3662	Chinese scripts	AC9LC4C05|AC9LC10EC06|AC9LC4U02
chinese tones	15600	Tone contours	AC9LC6U01|AC9LCF02|AC9LC10EU01|AC9LC8U01|AC9LC2U01|AC9LC10U01|AC9LC8EU01|AC9LC4U01
chinese word order	16668	Word order	AC9LC4U02
chinese word order	3135	Chinese languages	AC9LC4U02
choreographic devices	3702	Dance composition	AC9ADA8C01
cinematography	3747	Cinematography	AC9AMA6D01
cognates	15565	Cognates	AC9LF6U03
collaborate	3975	Cooperation	AC9TDI8P12|AC9TDI10P12|AC9TDI6P08|AC9TDI4P07|AC9TDI2P05
collaborating	3975	Cooperation	AC9LF8C02|AC9LIT8C02|AC9LC8C02|AC9LJ8C02
collaboration	3975	Cooperation	AC9LJ8EC03|AC9LJ4C02|AC9LIT8EC03|AC9S6H01|AC9LC6C02|AC9LF8EC03|AC9LJ6C02|AC9S5H01|AC9LC8EC03|AC9LF6C02|AC9LIT4C02|AC9LIT6C02|AC9LC4C02|AC9LF4C02
community	264	Communities	AC9AMU4E01|AC9AMU10E01|AC9ADA2E01|AC9AMU6E01|AC9AMU8E01|AC9AVA2E01|AC9AMU2E01
composite objects	15169	Logarithmic scales	AC9M10M01
composite shapes (objects)	7231	Irregular polygons	AC9M8M01
composite shapes (objects)	9651	Dimensions	AC9M8M01
compositional devices	4159	Composing (Music)	AC9AMU10C02|AC9AMU10E01|AC9AMU8D01|AC9AMU10D02|AC9AMU8E01|AC9AMU8C02|AC9AMU6C01|AC9AMU8D02|AC9AMU10C01|AC9AMU10D01
compound events (probability)	16915	Compound events (Probability)	AC9M9P01
computational thinking process	16518	Computational thinking	AC9M5N010|AC9M10A05|AC9M8SP04|AC9M7SP04|AC9M10SP03|AC9M3N07|AC9M7A06|AC9M6A03|AC9M8A04|AC9M9SP04|AC9M4N09|AC9M9A06
conjectures (mathematic inquiry)	9619	Hypotheses	AC9M8A04
conjectures (mathematics)	9619	Hypotheses	AC9M10A05
consent	16876	Consent	AC9HPFP04|AC9HP8P07|AC9HP4P07|AC9HP2P04|AC9HP10P07|AC9HP6P07
context/contexts	16936	Artistic context	AC9ADR8E01|AC9ADR2E01|AC9AMA8E01|AC9ADR10E01|AC9AMA2E01|AC9AMA10E01|AC9ADA6E01|AC9AMA4E01|AC9ADA4E01|AC9AMA6E01|AC9ADR4E01|AC9AVA8E01|AC9AMA10P01|AC9AMU4E01|AC9ADR6E01|AC9ADA2E01|AC9AMU10E01|AC9AMU6E01|AC9AMU8E01|AC9ADA8E01|AC9AVA2E01|AC9AVA4E01|AC9AMU2E01
conventions	16937	Artistic practice	AC9ADR8E01|AC9ADR8D02|AC9ADR10C01|AC9ADR10E01|AC9ADR10P01|AC9ADR10D01|AC9ADR8C01|AC9ADR8C02|AC9ADR8P01|AC9ADR10C02|AC9ADR10D02
country/place	16922	Country (First Nations Australians)	AC9AVA4E02|AC9ADA4E02|AC9AMU4E02|AC9ADR4E02|AC9AMA4E02
cultural authority	16890	Cultural authority	AC9AMU10E02|AC9AMA2E02|AC9AVA10E02|AC9AMA10E02|AC9AMA8E02|AC9ADA4E02|AC9ADR4E02|AC9AVA8E02|AC9ADA8E02|AC9AMA6E02|AC9ADA10E02|AC9ADR10E02|AC9ADA2E02|AC9AVA6E02|AC9ADA6E02|AC9AMU4E02|AC9ADR8E02|AC9ADR6E02|AC9AVA4E02|AC9AVA2E02|AC9AMU2E02|AC9AMU6E02|AC9AMU8E02|AC9ADR2E02
cultural expressions	16891	Cultural expressions	AC9AMU10E02|AC9AMA2E02|AC9AVA10E02|AC9AMA10E02|AC9AMA8E02|AC9ADA4E02|AC9ADR4E02|AC9AVA8E02|AC9ADA8E02|AC9AMA6E02|AC9ADA10E02|AC9ADR10E02|AC9ADA2E02|AC9AVA6E02|AC9ADA6E02|AC9AMU4E02|AC9ADR8E02|AC9ADR6E02|AC9AVA4E02|AC9AVA2E02|AC9AMU2E02|AC9AMU6E02|AC9AMU8E02|AC9ADR2E02
cultural knowledge	16894	Cultural knowledge	AC9AMU10E02|AC9AMA2E02|AC9AVA10E02|AC9AMA10E02|AC9AMA8E02|AC9ADA4E02|AC9ADR4E02|AC9AVA8E02|AC9ADA8E02|AC9AMA6E02|AC9ADA10E02|AC9ADR10E02|AC9ADA2E02|AC9AVA6E02|AC9ADA6E02|AC9AMU4E02|AC9ADR8E02|AC9ADR6E02|AC9AVA4E02|AC9AVA2E02|AC9AMU2E02|AC9AMU6E02|AC9AMU8E02|AC9ADR2E02
cultural perspectives	273	Culture	AC9S8H02|AC9S7H02
cultural protocols	16893	Cultural protocols	AC9S8I07|AC9S7I07|AC9S9I07|AC9S10I07
cultural understanding	16894	Cultural knowledge	AC9AMU10E02|AC9AMA2E02|AC9AVA10E02|AC9AMA10E02|AC9AMA8E02|AC9ADA4E02|AC9ADR4E02|AC9AVA8E02|AC9ADA8E02|AC9AMA6E02|AC9ADA10E02|AC9ADR10E02|AC9ADA2E02|AC9AVA6E02|AC9ADA6E02|AC9AMU4E02|AC9ADR8E02|AC9ADR6E02|AC9AVA4E02|AC9AVA2E02|AC9AMU2E02|AC9AMU6E02|AC9AMU8E02|AC9ADR2E02
culture/cultures	273	Culture	AC9ADR8E01|AC9ADR2E01|AC9ADR6E01|AC9AMA8E01|AC9ADR10E01|AC9AMA2E01|AC9AMA10E01|AC9ADA6E01|AC9AMA4E01|AC9ADA4E01|AC9AMA6E01|AC9ADR4E01|AC9AMU4E01|AC9ADR2E01|AC9ADA2E01|AC9AMA2E01|AC9AVA2E01|AC9AVA8E01|AC9AMU2E01
cyber security	9076	Data security	AC9TDI8P14|AC9TDI10P13
dance forms	15835	Dance purpose and styles	AC9ADA8C01|AC9ADA10C01|AC9ADA10D02
dance genres	15835	Dance purpose and styles	AC9ADA10D02|AC9ADA10P01|AC9ADA8D01|AC9ADA10D01|AC9ADA10C01
dance styles	15835	Dance purpose and styles	AC9ADA10D02|AC9ADA8D02|AC9ADA10P01|AC9ADA10D01|AC9ADA8D01|AC9ADA10C02|AC9ADA10C01|AC9ADA8C02
dance works	2184	Dance	AC9ADA8D02
data collection (statistical)	4828	Data collection	AC9M1ST01|AC9M8ST02
data collection (statistics)	4828	Data collection	AC9M6ST03|AC9M5ST01|AC9M7ST01|AC9MFST01|AC9M8ST01|AC9M3ST01|AC9M7ST03|AC9M5ST03|AC9M2ST01
design thinking	16878	Design thinking	AC9TDI4P03|AC9TDE4P02|AC9TDI10P04|AC9TDE8P02|AC9TDI10P10|AC9TDE6P01|AC9TDI6P06|AC9TDI8P10|AC9TDI8P08|AC9TDE10P02|AC9TDE6P02|AC9TDI4P01|AC9TDE2P01|AC9TDI6P04|AC9TDI2P03|AC9TDEFK01|AC9TDI6P01|AC9TDI4P05|AC9TDI2P01|AC9TDI8P04|AC9TDI10P08|AC9TDEFP01
devised drama	5035	Devised drama	AC9ADR8P01|AC9ADR8C02|AC9ADR8E01
dichotomous keys	16916	Dichotomous keys	AC9S7U01
digital device	4199	Computers	AC9TDI2P04|AC9TDI10P12|AC9TDI10P11|AC9TDI6P07|AC9TDI8P11|AC9TDI4P06|AC9TDE10P02
digital footprint	3798	Privacy	AC9TDI8P14|AC9TDI10P14|AC9TDI6P10
digital systems	4229	Information and communication technologies	AC9TDI10P07|AC9TDI6K01|AC9TDI2P01|AC9TDI2P03|AC9TDI8K02|AC9TDI6K02|AC9TDI4K02|AC9TDIFK01|AC9TDI2K01|AC9TDI6K03|AC9TDI10K01|AC9TDI6P03|AC9TDI8P07|AC9TDI8K01|AC9TDI4K01
direct comparison	1056	Measurement	AC9MFM01
direct comparison	9651	Dimensions	AC9MFM01
division facts	1622	Division	AC9M4A02
documenting/documentation	1700	Visual arts portfolios	AC9AVA8C01|AC9AVA6P01|AC9AVA6D01
drama forms	298	Drama (Literature)	AC9ADR10C01|AC9ADR6C01|AC9ADR10P01|AC9ADR8C01|AC9ADR8C02|AC9ADR8D01|AC9ADR10C02
drama styles	11274	Theatrical genres	AC9ADR10C01|AC9ADR10P01|AC9ADR8C01|AC9ADR8C02|AC9ADR8D01|AC9ADR10C02
electrical insulation	5602	Electrical insulation	AC9S6U03
elements of dance	2184	Dance	AC9ADA6C01|AC9ADA10E01|AC9ADA6D01|AC9ADA10D02|AC9ADA2C01|AC9ADA8E01|AC9ADA4D01|AC9ADA2D01|AC9ADA6E01|AC9ADA8C01|AC9ADA4C01
elements of drama	298	Drama (Literature)	AC9ADR8C02|AC9ADR8E01|AC9ADR6E01|AC9ADR8D02|AC9ADR6D01|AC9ADR10C01|AC9ADR10E01|AC9ADR4C01|AC9ADR10D01|AC9ADR2D01|AC9ADR8C01|AC9ADR8C02|AC9ADR4D01|AC9ADR10D02|AC9ADR2E02
energy transfer	5724	Energy conversion	AC9S8U05
energy transformation	5724	Energy conversion	AC9S8U05
equal grouping (multiplicative)	16646	Grouping (Counting)	AC9M2N05
equally likely events	15213	Likelihood	AC9M5P01
error (measurement)	1448	Accuracy and precision	AC9M10M04|AC9M9M04
estimation (calculation)	16917	Estimation	AC9M5N08|AC9M4N07|AC9M6N08|AC9M7N05|AC9M3N05
estimation (measurement)	16917	Estimation	AC9M3M01|AC9M4M04
estimation (number)	16917	Estimation	AC9M6N04|AC9M6N06
evidence	4586	Critical thinking	AC9E8LY03|AC9E7LA02|AC9E8LA04
factual descriptions	2742	Factual descriptions	AC9LJ6C03
fair tests	4403	Experiments	AC9S6I02|AC9S5I02
financial situations	1800	Finance	AC9M5N08|AC9M3N06|AC9M4N08|AC9M8M07|AC9M9M05|AC9M6N08|AC9M7N09|AC9M10A04|AC9M5N09|AC9M9A05
first nations australian	13164	Aboriginal and Torres Strait Islander peoples	AC9AMA10E02|AC9AMU10E02|AC9ADA10E02|AC9ADR10E02|AC9AVA10E02|AC9AMA4E02|AC9AMA2E02|AC9AVA10E02|AC9AMA10E02|AC9AMA8E02|AC9ADA4E02|AC9ADR4E02|AC9AVA8E02|AC9ADA8E02|AC9AMA6E02|AC9ADA10E02|AC9ADR10E02|AC9ADA2E02|AC9AVA6E02|AC9ADA6E02|AC9AMU4E02|AC9ADR8E02|AC9ADA10E01|AC9ADR6E02|AC9AVA4E02|AC9AVA2E02|AC9AMU2E02|AC9AMU6E02|AC9AMU8E02|AC9ADR2E02
first nations australian art	250	Aboriginal art	AC9AMA10C02|AC9AMA8C02
first nations australians music	16866	First Nations Australian music	AC9AMU10E02|AC9AMU4E02|AC9AMU2E02|AC9AMU6E02|AC9AMU8E02
first nations music industry	340	Aboriginal music industry	AC9AMU10E02|AC9AMU4E02|AC9AMU2E02|AC9AMU6E02|AC9AMU8E02
form	11274	Theatrical genres	AC9ADR8P01
form/forms	3133	Musical forms	AC9AMU8C01|AC9AMU10C02
french culture	16879	French peoples	AC9LFF03|AC9LF10U04|AC9LF10EU04|AC9LF2U04|AC9LF4C04|AC9LF4U04|AC9LF6U04|AC9LF8U04
french grammar	3274	Grammar	AC9LF2U03|AC9LF8EU03|AC9LF10C05|AC9LF8C05|AC9LF6U03|AC9LF2U02|AC9LF4U02|AC9LF4U03|AC9LF10EU02|AC9LF10EC06|AC9LF8U03|AC9LF8EC06|AC9LF10U02|AC9LF8U02|AC9LF6U02|AC9LF8EU02
french grammar	6407	French language	AC9LF2U03|AC9LF8EU03|AC9LF10C05|AC9LF8C05|AC9LF6U03|AC9LF2U02|AC9LF4U02|AC9LF4U03|AC9LF10EU02|AC9LF10EC06|AC9LF8U03|AC9LF8EC06|AC9LF10U02|AC9LF8U02|AC9LF6U02|AC9LF8EU02
french language	6407	French language	AC9LFF02|AC9LFF03|AC9LFF01
genre	11417	Art genres	AC9AMA10E01
genre	15835	Dance purpose and styles	AC9ADA10E01|AC9ADA10D02|AC9AMA8E01|AC9ADA8P01|AC9ADA10P01|AC9ADA10D01|AC9ADA8D01|AC9ADA10C02|AC9ADA10C01|AC9ADA8C02
geological features	9819	Tectonic plates	AC9S8U03
growing patterns	16919	Growing patterns	AC9M2A01
hardware	16888	Computer hardware	AC9TDI6K01|AC9TDIFK01|AC9TDI2K01|AC9TDI10K01|AC9TDI8K01
identity	2032	National identity	AC9ADA10E02
identity	3798	Privacy	AC9TDI2P07|AC9TDI4P09|AC9TDIFP01
images	2735	Images (Texts)	AC9E7LA07|AC9E3LA09|AC9E7LE03|AC9E4LA10|AC9E5LA07|AC9E6LA07|AC9E9LA07|AC9E10LA07|AC9E10LA04|AC9E8LE03
improvisation (acting)	654	Improvisation (Acting)	AC9ADR10E01|AC9ADR6E01
improvisation (drama)	654	Improvisation (Acting)	AC9ADR4D01|AC9ADR6D01
improvised drama	654	Improvisation (Acting)	AC9ADR6C01|AC9ADR10C01|AC9ADR10P01|AC9ADR8C02|AC9ADR4C01|AC9ADR8C01|AC9ADR6P01|AC9ADR8P01|AC9ADR10C02|AC9ADR4P01
independence (probability)	13880	Independence (Experiments)	AC9M4P02|AC9M9P01
indigenous cultural and intellectual property (icip) rights	16882	Indigenous cultural and intellectual rights	AC9AMA8E02|AC9AVA8E02|AC9ADA8E02|AC9AMU8E02|AC9ADR8E02|AC9AMU10E02|AC9AMA2E02|AC9AVA10E02|AC9AMA10E02|AC9AMA8E02|AC9ADA4E02|AC9ADR4E02|AC9AVA8E02|AC9ADA8E02|AC9AMA6E02|AC9ADA10E02|AC9ADR10E02|AC9ADA2E02|AC9AVA6E02|AC9ADA6E02|AC9AMU4E02|AC9ADR8E02|AC9ADR6E02|AC9AVA4E02|AC9AVA2E02|AC9AMU2E02|AC9AMU6E02|AC9AMU8E02|AC9ADR2E02
innovation	3436	Innovation	AC9TDE10P02|AC9TDE10K02|AC9TDE8K02
instrumental techniques	4159	Composing (Music)	AC9AMU10E01
intention	16585	Artistic purpose	AC9ADR10D01
interaction (communication)	987	Social relations	AC9LF8C01|AC9LF10C01|AC9LIT10EC01|AC9LF8EC02|AC9LFF01|AC9LC8EC02|AC9LIT2C01|AC9LF10EC01|AC9LJ8EC01|AC9LITF01|AC9LCF01|AC9LJ4C01|AC9LIT10C01|AC9LJ10EC01|AC9LC10EC01|AC9LC10C01|AC9LF6C01|AC9LJ2C01|AC9LF2C01|AC9LIT4C01|AC9LF4C01|AC9LJ8C01|AC9LF8EC01|AC9LC2C01|AC9LJF01|AC9LJ6C01|AC9LJ10C01|AC9LIT6C01|AC9LIT8EC02|AC9LC4C01|AC9LC6C01|AC9LIT8C01|AC9LJ8EC02|AC9LC8C01|AC9LIT8EC01|AC9LC8EC01
intercultural communication	4611	Cultural interaction	AC9LF6C04|AC9LIT8EC05|AC9LC8C04|AC9LJ8EC05|AC9LJ4C04|AC9LIT8C04|AC9LC4C04|AC9LF8EC05|AC9LJ8C04|AC9LF4C04|AC9LIT6C04|AC9LF8C04|AC9LIT4C04|AC9LC6C04|AC9LC8EC05|AC9LJ6C04
intercultural understanding	4611	Cultural interaction	AC9LC10C04|AC9LF10U04|AC9LIT10EU04|AC9LF2U04|AC9LIT4U04|AC9LJ6U04|AC9LIT10C04|AC9LC8EU04|AC9LIT10U04|AC9LC8U04|AC9LF10EU04|AC9LIT10EC05|AC9LJ2U04|AC9LF8EU04|AC9LJ8EU04|AC9LF6U04|AC9LF8U04|AC9LJ10EU04|AC9LJ10EC05|AC9LC10EU04|AC9LJ4U04|AC9LC4U04|AC9LC10EC05|AC9LIT2U04|AC9LF4U04|AC9LJ10U04|AC9LC2U04|AC9LF10EC05|AC9LIT8U04|AC9LF10C04|AC9LJ8U04|AC9LJ10C04|AC9LC10U04|AC9LIT8EU04|AC9LC6U04|AC9LIT6U04
intonation	7200	Intonation	AC9LJ4U01
italian culture	16883	Italian peoples	AC9LIT10U04|AC9LITF03|AC9LIT2U04|AC9LIT4U04|AC9LIT4C04|AC9LIT6U04
italian grammar	3274	Grammar	AC9LIT2U02|AC9LIT2U03|AC9LIT8U02|AC9LIT8EC06|AC9LIT10EU02|AC9LIT10EC06|AC9LIT10U02|AC9LIT4U02|AC9LIT6U02|AC9LIT6U03|AC9LIT10C05|AC9LIT8C05|AC9LIT8EU02|AC9LIT8EU03|AC9LIT4U03|AC9LIT8U03
italian grammar	7243	Italian language	AC9LIT2U02|AC9LIT2U03|AC9LIT8U02|AC9LIT8EC06|AC9LIT10EU02|AC9LIT10EC06|AC9LIT10U02|AC9LIT4U02|AC9LIT6U02|AC9LIT6U03|AC9LIT10C05|AC9LIT8C05|AC9LIT8EU02|AC9LIT8EU03|AC9LIT4U03|AC9LIT8U03
italian phonology	15085	Speech sounds	AC9LITF02|AC9LIT10EU01|AC9LIT8U01|AC9LIT8EU01|AC9LIT6U01|AC9LIT2U01|AC9LIT4U01
italian phonology	7243	Italian language	AC9LITF02|AC9LIT10EU01|AC9LIT8U01|AC9LIT8EU01|AC9LIT6U01|AC9LIT2U01|AC9LIT4U01
italianculture	16883	Italian peoples	AC9LIT10EU04
japanese culture	16884	Japanese peoples	AC9LJF03|AC9LJ4C04|AC9LJ8U04|AC9LJ2U04|AC9LJ8EU04|AC9LJ10U04|AC9LJ6U04|AC9LJ10EU04|AC9LJ4U04
japanese grammar	3274	Grammar	AC9LJ10C05|AC9LJ10U02|AC9LJ6U02|AC9LJ2U02|AC9LJ4U03|AC9LJ10EU02|AC9LJ8U02|AC9LJ8EC06|AC9LJ8EU02|AC9LJ8C05|AC9LJ2U03|AC9LJ8U03|AC9LJ6U03|AC9LJ4U02|AC9LJ10EC06|AC9LJ8EU03
japanese grammar	7250	Japanese language	AC9LJ10C05|AC9LJ10U02|AC9LJ6U02|AC9LJ2U02|AC9LJ4U03|AC9LJ10EU02|AC9LJ8U02|AC9LJ8EC06|AC9LJ8EU02|AC9LJ8C05|AC9LJ2U03|AC9LJ8U03|AC9LJ6U03|AC9LJ4U02|AC9LJ10EC06|AC9LJ8EU03
japanese phonology	15085	Speech sounds	AC9LJ8U01|AC9LJ2U01|AC9LJ6U01|AC9LJF02|AC9LJ8EU01|AC9LJ10U01|AC9LJ4U01
japanese phonology	7250	Japanese language	AC9LJ8U01|AC9LJ2U01|AC9LJ6U01|AC9LJF02|AC9LJ8EU01|AC9LJ10U01|AC9LJ4U01
japanese word order	16668	Word order	AC9LJ4U02|AC9LJ8EU03
japanese word order	7250	Japanese language	AC9LJ4U02|AC9LJ8EU03
length	1604	Length	AC9M3M02
linear equations	5824	Linear equations	AC9M8A04|AC9M8A03
literary genre	673	Literary genres	AC9AMA8C01|AC9AMA10C01
looping	16938	Looping (Sound)	AC9AMU10C02|AC9AMU8C02|AC9AMU8C01|AC9AMU10C01|AC9AMU4C01
meaning	16935	Text meaning	AC9E7LA07|AC9E7LE05|AC9E3LA09|AC9E8LA07|AC9E9LY02|AC9E7LE03|AC9E4LA10|AC9E6LE04|AC9E5LA07|AC9E6LA07|AC9E7LE06|AC9E9LA07|AC9E9LY04|AC9E8LY04|AC9E10LA06|AC9E8LY02|AC9E7LA09
measures of turn (alternative label angle)	624	Angles	AC9M3M05|AC9M2M05
media artists	16939	Media artists	AC9AMA10E01
media arts concepts	4563	Media arts	AC9AMA10C01|AC9AMA10D01|AC9AMA8D02|AC9AMA10C02|AC9AMA8C01|AC9AMA8D01|AC9AMA8E01|AC9AMA10E01|AC9AMA8C02|AC9AMA6E01|AC9AMA10P01|AC9AMA2D01|AC9AMA10D02|AC9AMA4C01|AC9AMA6C01|AC9AMA6D01|AC9AMA8P01|AC9AMA4D01|AC9AMA2C01
media arts forms	4563	Media arts	AC9AMA8D02|AC9AMA10C01|AC9AMA8C01|AC9AMA8D01|AC9AMA8E01|AC9AMA10D01|AC9AMA10C02|AC9AMA10D02|AC9AMA10E01|AC9AMA8C02
media arts production skills/processes	4563	Media arts	AC9AMA10D02|AC9AMA6C01|AC9AMA4C01|AC9AMA4D01|AC9AMA6D01|AC9AMA10C01|AC9AMA6D01|AC9AMA8C01|AC9AMA8D01|AC9AMA10D01|AC9AMA8D02|AC9AMA10C02|AC9AMA10D02|AC9AMA10E01|AC9AMA8C02|AC9AMA8D02|AC9AMA8C02|AC9AMA8D01
media arts works	4563	Media arts	AC9AMA4P01|AC9AMA10C01|AC9AMA8C01|AC9AMA8E02|AC9AMA8P01|AC9AMA8D02|AC9AMA10C02|AC9AMA10D02|AC9AMA10E01|AC9AMA8C02|AC9AMA6E01|AC9AMA6P01|AC9AMA2P01|AC9AMA10P01
media conventions	4563	Media arts	AC9AMA10D01
media languages	4563	Media arts	AC9AMA4C01|AC9AMA6D01|AC9AMA6C01|AC9AMA8D01|AC9AMA10D01|AC9AMA6E01|AC9AMA2C01
media technologies	4563	Media arts	AC9AMA4C01|AC9AMA6C01|AC9AMA6D01|AC9AMA8D01|AC9AMA2D01|AC9AMA4D01|AC9AMA10D01|AC9AMA6E01|AC9AMA2C01
metalanguage (linguistics)	9366	Metalanguage	AC9LC10U03|AC9LF10U03|AC9LJ10EU03|AC9LF10EU03|AC9LC10EU03
model (mathematical modelling)	4228	Modelling (Mathematical)	AC9M1N04|AC9MFN05|AC9M2N06
model (modelling process)	4228	Modelling (Mathematical)	AC9M6N09|AC9M3N06|AC9M7M06|AC9M4N08|AC9M8M07|AC9M9M05|AC9M7N09|AC9M8A03|AC9M10A04|AC9M5N09|AC9M8N05|AC9M9A05|AC9M10M05
mood (verbs)	7955	Mood (Verbs)	AC9LF8U02
movement	5630	Kinetic energy	AC9SFU02
multimedia elements	4563	Media arts	AC9AMA4C01|AC9AMA10C01|AC9AMA6C01|AC9AMA6D01|AC9AMA8C01|AC9AMA8D01|AC9AMA2D01|AC9AMA4D01|AC9AMA10D01|AC9AMA10C02|AC9AMA8C02|AC9AMA2C01
multiplication facts	1625	Multiplication	AC9M3A03
multiplicative situations	1625	Multiplication	AC9M4N08|AC9M3N06
music	337	Music	AC9AMU2P01|AC9AMU6P01
music form	4159	Composing (Music)	AC9AMU8D01|AC9AMU10D02|AC9AMU6C01|AC9AMU8D02|AC9AMU10D01
music genres	3133	Musical forms	AC9AMU10E01|AC9AMU8E01
music instruments	515	Musical instruments	AC9AMU2P01|AC9AMU10C02|AC9AMU8C02|AC9AMU8C01|AC9AMU6P01|AC9AMU10P01|AC9AMU10C01|AC9AMU4C01|AC9AMU8P01
music notation	416	Musical notation	AC9AMU10D01|AC9AMU8D01|AC9AMU10D02|AC9AMU6C01|AC9AMU8D02|AC9AMU10D01
music performance skills	4249	Music performance	AC9AMU10D01|AC9AMU8D01|AC9AMU8P01
music production	3290	Sound recording	AC9AMU10C02|AC9AMU8C02|AC9AMU8C01|AC9AMU10C01|AC9AMU10D01|AC9AMU4C01
music production	4159	Composing (Music)	AC9AMU10C02|AC9AMU8C02|AC9AMU8C01|AC9AMU10C01|AC9AMU10D01|AC9AMU4C01
natural numbers	4171	Positive integers	AC9M5N09|AC9M5N02
non-verbal communication	2184	Dance	AC9ADA6C01|AC9ADA6D01|AC9ADA10P01|AC9ADA4D01|AC9ADA2D01|AC9ADA10C02|AC9ADA4C01|AC9ADA8C02
number patterns	7774	Number patterns	AC9M4N09
object play	1121	Play (Recreation)	AC9ADR2C01
observations (data)	9631	Observations (Data)	AC9S1I01|AC9S2I01
observations (statistical/probability data)	9631	Observations (Data)	AC9M7P02|AC9M4P02|AC9M6P03|AC9M10P02|AC9M8ST01|AC9M5P02|AC9M8ST03|AC9M9P03
page layout	7459	Page layout	AC9AMA4D01|AC9AMA10D01|AC9AMA6D01
part-part-whole	16920	Part-part-whole	AC9MFN04|AC9MFN02
particle theory of matter	130	Elementary particles	AC9S7U05
performance	527	Acting	AC9ADR6P01|AC9ADR4P01
performance	2184	Dance	AC9ADA8E02|AC9ADA4P01|AC9ADA6P01|AC9ADA2E02
performance skills	4249	Music performance	AC9AMU10P01|AC9AMU8P01
performance skills	527	Acting	AC9ADR10E01|AC9ADR10P01|AC9ADR10D01|AC9ADR8P01|AC9ADR8D01
performance skills (music)	4249	Music performance	AC9AMU6P01|AC9AMU10P01
performance space	560	Performance space	AC9ADR6E01
performer	16886	Aboriginal dance	AC9ADA10E02
photography, digital photography	698	Photography	AC9AMA2C01
physical properties of matter	130	Elementary particles	AC9S7U05|AC9S5U04|AC9S2U03
pinyin	3682	Pinyin	AC9LCF02|AC9LC8EC06
play	1121	Play (Recreation)	AC9ADRFD01|AC9ADAFD01|AC9AMUFD01
plots (stories)	3867	Plots (Stories)	AC9ADR6E01
preferred futures	16880	Future	AC9TDE10K01|AC9TDE10K02|AC9TDE8K02
print media	684	Print media	AC9AMA4D01|AC9AMA10D01
probability language	13445	Conditional probability	AC9M10P01|AC9M9P02
process drama	552	Process drama	AC9ADR2D01
production elements	2184	Dance	AC9ADA8P01|AC9ADA8E01|AC9ADA10E01|AC9ADA10P01
production elements	2612	Rehearsal (Performance)	AC9ADA8P01|AC9ADA8E01|AC9ADA10E01|AC9ADA10P01
pronumerals	7776	Pronumerals	AC9M9A01
pronunciation	9350	Pronunciation	AC9LJ8U01|AC9LJ8EU01
pronunication	9350	Pronunciation	AC9LC2U01|AC9LF2U01
protocols	16893	Cultural protocols	AC9AMU10E02|AC9AMA2E02|AC9AVA10E02|AC9AMA10E02|AC9AMA8E02|AC9ADA4E02|AC9ADR4E02|AC9AVA8E02|AC9ADA8E02|AC9AMA6E02|AC9ADA10E02|AC9ADR10E02|AC9ADA2E02|AC9AVA6E02|AC9ADA6E02|AC9AMU4E02|AC9ADR8E02|AC9ADR6E02|AC9AVA4E02|AC9AVA2E02|AC9AMU2E02|AC9AMU6E02|AC9AMU8E02|AC9ADR2E02
pseudocode	16905	Pseudocode	AC9TDI10P05|AC9TDI8P05
pure substance	9440	Chemical compounds	AC9S7U06
push and pull forces	5415	Friction	AC9S1U03
radicals	3669	Radicals (Characters)	AC9LC10U02
recording (statistical data)	4828	Data collection	AC9M3P01
recording data (mathematics)	4828	Data collection	AC9M4ST03
reflexive verbs	16660	Reflexive verbs	AC9LF10EU02|AC9LF8U02
rehearsal (drama)	2612	Rehearsal (Performance)	AC9ADR8P01|AC9ADR10C02
relationships	1979	Audiences	AC9AMA8P01
repeating patterns	16921	Repeating patterns	AC9M1A02
represent/representation/representations	6138	Representational art	AC9AMA8D01|AC9AMA10C02|AC9AMA10E01|AC9AMA8C02|AC9AMA10D01|AC9AVA10C02|AC9AVA10E01|AC9AVA8E01
research questions (mathematics)	15059	Research questions	AC9M6ST03|AC9M7ST03|AC9M5ST03
responding  (to information)	16928	Evaluating texts	AC9LC8C03|AC9LF8C03|AC9LIT8EC04|AC9LIT4C03|AC9LC6C03|AC9LC8EC04|AC9LF6C03|AC9LJ4C03|AC9LJ8C03|AC9LIT2C03|AC9LC2C03|AC9LJ10EC04|AC9LC4C03|AC9LIT10EC04|AC9LF2C03|AC9LC10EC04|AC9LJ2C03|AC9LIT8C03|AC9LJ6C03|AC9LF4C03|AC9LF8EC04|AC9LIT6C03|AC9LJ8EC04|AC9LIT10C03|AC9LC10C03|AC9LF10C03|AC9LJ10C03|AC9LF10EC04
responsible media arts practices	2361	Ethics	AC9AMA8P01|AC9AMA4P01|AC9AMA8C02|AC9AMA6P01|AC9AMA10P01|AC9AMA4C01|AC9AMA4P01|AC9AMA10C01|AC9AMA6C01|AC9AMA6D01|AC9AMA8C01|AC9AMA8D01|AC9AMA8P01|AC9AMA2D01|AC9AMA4D01|AC9AMA10D01|AC9AMA2C01|AC9AMA8D02|AC9AMA10C02|AC9AMA10D02|AC9AMA8C02|AC9AMA6P01|AC9AMA10P01
responsible media arts practices	4563	Media arts	AC9AMA8P01|AC9AMA4P01|AC9AMA8C02|AC9AMA6P01|AC9AMA10P01|AC9AMA4C01|AC9AMA4P01|AC9AMA10C01|AC9AMA6C01|AC9AMA6D01|AC9AMA8C01|AC9AMA8D01|AC9AMA8P01|AC9AMA2D01|AC9AMA4D01|AC9AMA10D01|AC9AMA2C01|AC9AMA8D02|AC9AMA10C02|AC9AMA10D02|AC9AMA8C02|AC9AMA6P01|AC9AMA10P01
rock cycle	9779	Earth's crust	AC9S8U04
roman alphabet	7447	Modern Latin alphabet	AC9LIT2U02|AC9LFF02|AC9LIT6C05|AC9LF2U01|AC9LF4U01|AC9LF6U01|AC9LIT2C05|AC9LIT4C05|AC9LITF02|AC9LIT6U01|AC9LIT2U01|AC9LF2U02|AC9LF8EU02
roman alphabet	9310	Language conventions	AC9LIT2U02|AC9LFF02|AC9LIT6C05|AC9LF2U01|AC9LF4U01|AC9LF6U01|AC9LIT2C05|AC9LIT4C05|AC9LITF02|AC9LIT6U01|AC9LIT2U01|AC9LF2U02|AC9LF8EU02
safe dance practice	16488	Safe dance practices	AC9ADA6C01|AC9ADA6D01|AC9ADA2C01|AC9ADA2P01|AC9ADA8P01|AC9ADA10P01|AC9ADA4P01|AC9ADA4D01|AC9ADA2D01|AC9ADA6P01|AC9ADA10D01|AC9ADA8D01|AC9ADA4C01|AC9ADA8C02
sample space (probability outcomes)	11953	Sample space	AC9M6P02|AC9M7P01|AC9M5P01
scientific knowledge	1885	Science	AC9S6H02|AC9S5H02
scientific models	16500	Modelling	AC9S8I01|AC9S7I01
scripted drama	5035	Devised drama	AC9ADR8C02|AC9ADR6D01|AC9ADR10C01|AC9ADR6C01|AC9ADR10P01|AC9ADR8C01|AC9ADR6P01|AC9ADR8P01|AC9ADR10C02
security (food and water)	16898	Food and water security	AC9TDE10K01|AC9TDE10K04
sequences (scenes)	16450	Sequences (Scenes)	AC9AMA6D01
sequencing	4159	Composing (Music)	AC9AMU10C02|AC9AMU8C02|AC9AMU8C01|AC9AMU10C01|AC9AMU4C01
sides (polygons)	6564	Sides (Polygons)	AC9M7SP02
simulation (probability)	4228	Modelling (Mathematical)	AC9M10P02|AC9M8P03|AC9M9P03
socialising	4411	Conversations	AC9LJ10EC01
sound sources	16490	Sound sources	AC9AMU8E01
soundscape	1273	Soundscapes (Music)	AC9AMA6C01|AC9AMA6D01|AC9AMA8D01|AC9AMA4D01|AC9AMA10D01|AC9AMA10C02|AC9AMA8C02
stage lighting	6269	Stage lighting	AC9AMA6D01
standard chinese phonology	15085	Speech sounds	AC9LC6U01|AC9LC10EU01|AC9LC8U01|AC9LC10U01|AC9LC8EU01|AC9LC4U01
standard chinese phonology	15585	Standard Chinese	AC9LC6U01|AC9LC10EU01|AC9LC8U01|AC9LC10U01|AC9LC8EU01|AC9LC4U01
statistical investigation (process)	16912	Statistical analysis	AC9M6ST03|AC9M4ST03|AC9M9ST05|AC9M10ST05|AC9M3ST03|AC9M7ST03|AC9M5ST03|AC9M8ST04
statistical reports	16934	Statistical reports	AC9M10ST01|AC9M9ST01
surveys (statistical data collection)	9186	Surveying (Data collection)	AC9M9ST02|AC9M9ST01
surveys (statistical data)	9186	Surveying (Data collection)	AC9M4ST03
syntax	16666	Syntax	AC9LF4U02
systems thinking	16908	Systems thinking	AC9TDE8P02|AC9TDI6K01|AC9TDI4P03|AC9TDE8K06|AC9TDE10P01|AC9TDI6P04|AC9TDE10K06|AC9TDE6K05|AC9TDI10P08|AC9TDIFK01|AC9TDI2K01|AC9TDI10K01|AC9TDI8P08|AC9TDI4K01
teamwork	3975	Cooperation	AC9S6H01|AC9S5H01
technical and expressive skills	2184	Dance	AC9ADA10D02|AC9ADA8D02
text types	5991	Texts	AC9LF8EC06|AC9LIT8EC06
theatrical dance	2184	Dance	AC9ADA8E01|AC9ADA10E01
themes (texts)	4190	Themes (Texts)	AC9ADR8C02|AC9ADR8E01
transformation (algebra)	7792	Transformation (Geometry)	AC9M9A06
viewpoints	1404	Attitudes	AC9S8H04|AC9S7H04
visual arts practice	16937	Artistic practice	AC9AVA4P01|AC9AVA8D02|AC9AVA10C01|AC9AVA10D02|AC9AVA10P01|AC9AVA6P01|AC9AVA10E02
visual arts practices	16937	Artistic practice	AC9AVA8P01|AC9AVA2P01
visual arts processes	16937	Artistic practice	AC9AVA6E01|AC9AVA2C01|AC9AVA10C02|AC9AVA10D01|AC9AVA4D01|AC9AVA6C01|AC9AVA4C01|AC9AVA8C02|AC9AVA6D01|AC9AVA8E01|AC9AVA2D01|AC9AVA8D01
visual composition	4563	Media arts	AC9AMA4C01|AC9AMA10C01|AC9AMA6C01|AC9AMA6D01|AC9AMA8C01|AC9AMA2D01|AC9AMA4D01|AC9AMA10C02|AC9AMA8C02|AC9AMA2C01
vocal skills	3446	Vocal music	AC9AMU10C02|AC9AMU2C01|AC9AMU2P01|AC9AMU4D01|AC9AMU8D01|AC9AMU2D01|AC9AMU8C02|AC9AMU6P01|AC9AMU10P01|AC9AMU10D01|AC9AMU4C01|AC9AMU8P01
vocal skills and techniques	3446	Vocal music	AC9AMU10C01|AC9AMU8C01
vocal techniques	3446	Vocal music	AC9AMU10E01
world views	786	Beliefs	AC9S8H02|AC9S7H02
